group_a,group_b,n_a,n_b,mean_a,mean_b,median_a,median_b,cliff_delta,mannwhitney_u,p_value
copilot,claude,21090,40658,1.652104472200856,1.9085049668086316,1.0,1.3727272727272728,-0.14797292690760927,365296903.0,0.0
copilot,codex,21090,17813,1.652104472200856,2.67769072937796,1.0,2.0,-0.25644754363844796,139667469.5,0.0
claude,codex,40658,17813,1.9085049668086316,2.67769072937796,1.3727272727272728,2.0,-0.1444721641631992,309804148.0,0.0
